"","Table","Field","Display_Name","Field_Description","Data_Type"
"1","Pub.Out","B.Code","ERA Publication Code","A unique code that identifies an extracted publication in the ERA dataset. This code is present in all the tables of era extraction data models.","Character"
"2","Pub.Out","B.Author.Last","Author Last Name","Publication first author's surname.","Character"
"3","Pub.Out","B.Date","Year Published","The year of publication.","Integer  (YYYY)"
"4","Pub.Out","B.Journal","Journal","Name of journal this research is published in.","Character"
"5","Pub.Out","B.DOI","DOI","Digital object identifier (DOI) for the publication (e.g. 10.1080/03650340.2017.1411589). Do not include https://doi.org/ when entering this. Please strip the “https://doi.org/” when entering a doi . Correct = “10.1002/jrsm.1563”, Incorrect = “https://doi.org/10.1002/jrsm.1563”.
If there is no DOI for a publication then report the https address of the article.","Character"
"6","Pub.Out","B.Url","Website","For a publication with no DOI, please enter the full website address where it can be found.","Character"
"7","Pub.Out","B.Project","Project","Name the project of the current extraction round","Character"
"8","Pub.Out","B.Link1","Linked Publication DOI/Website 1","Publications that are referenced in this publication that may present results from the same experiment.","Character"
"9","Pub.Out","B.Link2","Linked Publication DOI/Website 2","Publications that are referenced in this publication that may present results from the same experiment.","Character"
"10","Pub.Out","B.Link3","Linked Publication DOI/Website 3","Publications that are referenced in this publication that may present results from the same experiment.","Character"
"11","Pub.Out","B.Link4","Linked Publication DOI/Website 4","Publications that are referenced in this publication that may present results from the same experiment.","Character"
"12","Site.Out","Site.Type","What is the context of the experiment?","This describes the nature of the field and who is managing it","Character"
"13","Site.Out","Country","Country","Country where the study is performed","Character"
"14","Site.Out","Site.ID","Site Name","If  you select a site name that already exists in ERA, the latitude and longitude fields will auto-populate. Please check the auto-generated co-ordinates against the ones reported in the publication and in GoogleMaps/Earth. If there is a mismatch you can overwrite the autogenerated values.","Character"
"15","Site.Out","Site.Admin","How is the location reported?","A qualitative measure of how accurate you think the location reporting is. If the study is at a research station, but we only know the location of the city where the station is,  we record ""City"". If we know the exact location of the station record ""Facility"".","Character"
"16","Site.Out","Site.Agg","Does the location contain sub-locations?","State yes if a paper reports a general location which contains sub-locations that you do not know the co-ordinates of. For example a paper might state ""we repeated the experiment on 10 farms in 5 villages in Busia county, Kenya"" so we have a county location and know there are 5 village sub-locations in this county, we don't know where these villages are and results are reported averaged across all the farms and villages. If we know the location or names of the villages (e.g. results are reported per village) then we create one site per village and state ""no"" in this field.","Character"
"17","Site.Out","ISO.3166.1.alpha.3","Enter the Iso Code of the Country","Three letters code for countries","Character"
"18","Site.Out","Site.LatD","Latitude (Decimal Degrees)","Longitude and latitude are geographic coordinates that specify the position of a point on the Earth's surface, with longitude measuring east-west position and latitude measuring north-south position","Numeric"
"19","Site.Out","Site.Lat.Unc","Latitude Uncertainty (m)","An important field used where a location is a region (e.g. a county or district polygon) which has a bounding box that is more rectangular than square (if square then just used the Uncertainty (Radius in m) field). Give the height of the region NAMITA IS THIS THE TOTAL HEIGHT OR HALF THE HEIGHT in meters?","Numeric"
"20","Site.Out","Site.LonD","Longitude (Decimal Degrees)","Longitude and latitude are geographic coordinates that specify the position of a point on the Earth's surface, with longitude measuring east-west position and latitude measuring north-south position","Numeric"
"21","Site.Out","Site.Lon.Unc","Longitude Uncertainty (m)","An important field used where a location is a region (e.g. a county or district polygon) which has a bounding box that is more rectangular than square (if square then just used the Uncertainty (Radius in m) field). Give the width of the region NAMITA IS THIS THE TOTAL HEIGHT OR HALF THE HEIGHT in meters?","Numeric"
"22","Site.Out","Site.Buffer.Manual","Uncertainty (Radius in m)","An important field used to indicate spatial uncertainty where a location is a point or a region  (e.g. a county or district polygon) with a square bounding box. Give the radius of uncertainty in meter for the point or region (so the distance from the centre of the region or study plot to the edge). If the study site is a research station you take the centre of the research station to the edge of the station.","Numeric"
"23","Site.Out","Site.Rain.Seasons","Number of Rainy Seasons","Number of rainy seasons","Integer"
"24","Site.Out","Site.Start.S1","Season1 Start","start date of the first season","Character"
"25","Site.Out","Site.End.S1","Season1 End","end date of the first season","Character"
"26","Site.Out","Site.Length.S1","Rainy  Season 1 Length (days)","Length of the first season","Integer"
"27","Site.Out","Site.Start.S2","Season2 Start","start date of the second season","Character"
"28","Site.Out","Site.End.S2","Season2 End","end date of the second season","Character"
"29","Site.Out","Site.Length.S2","Rainy Season 2 Length (days)","length of the second season","Integer"
"30","Site.Out","Site.MSP.S1","Mean Seasonal Precipitation (mm) - S1","Mean Precipitation for the first season","Integer"
"31","Site.Out","Site.MSP.S2","Mean Seasonal Precipitation (mm) - S2","Mean Precipitation fot the second season","Integer"
"32","Site.Out","Site.MAP","Mean Annual Rainfall (mm)","This field is used to report the long-term avergae mean annual rainfall of the location. Rainall that is reported for a specific season or year during the experiment should be recorded in the times tab","Integer"
"33","Site.Out","Site.MAT","Mean Annual Temperature (°C)","This field is used to report the long-term avergae mean annual temperature of the location. Temperature that is reported for a specific season or year during the experiment should be recorded in the times tab","Integer"
"34","Site.Out","Site.Elevation","Elevation (masl)","Elevation in meters above sea level","Integer"
"35","Site.Out","Site.Slope.Perc","Slope (%)","Slope of the site in %","Numeric"
"36","Site.Out","Site.Slope.Degree","Slope (°)","Slope of the site in °","Numeric"
"37","Site.Out","Site.Soil.Texture","Soil Texture","Texture of the soil site","Character"
"38","Site.Out","Site.Notes","Site.Notes",NA,"Character"
"39","Site.Out","B.Code","NA","A unique code that identifies an extracted publication in the ERA dataset. This code is present in all the tables of era extraction data models.","Character"
"40","Soil.Out","Site.ID","Site Name","If you select a site name that already exists in ERA, the latitude and longitude fields will auto-populate. Please check the auto-generated co-ordinates against the ones reported in the publication and in GoogleMaps/Earth. If there is a mismatch you can overwrite the autogenerated values.","Character"
"41","Soil.Out","Soil.Upper","Depth (cm) Upper","The upper limit of depth at which soil samples are collected for analysis of soil properties such as texture, pH, and nutrient content.","Numeric"
"42","Soil.Out","Soil.Lower","Depth (cm) Lower","The lower limit of depth at which soil samples are collected for analysis of soil properties such as texture, pH, and nutrient content. The lower depth will be greater than the upper depth","Numeric"
"43","Soil.Out","variable","Soil variable measured","Select the variable measured on soil","Character"
"44","Soil.Out","value","Value of the measured variable","Enter the measure of the soil variable","Numeric"
"45","Soil.Out","Unit","Unit of the value of the measured variable","Unit of the soil variable","Character"
"46","Soil.Out","Method","Method for the measured variable","Method to measure the soil variable","Character"
"47","ExpD.Out","EX.Design","Experimental Design","A plan specification that states how treatments are allocated to the experimental units during an agronomic trial. It refers to the conceptual framework within which the experiment is conducted. Source: AGRO","Character"
"48","ExpD.Out","EX.Plot.Size","Size of Experimental Plot (m2)","The size of a treatment plot in the experiment, if variable use the mean value or mid-point of the size range.","Numeric"
"49","ExpD.Out","EX.HPlot.Size","Size of Harvested Plot (m2)","The area of an treatment plot harvested to estimate crop yields (or other outcomes if crop yield was not the primary focus of the experiment).","Numeric"
"50","ExpD.Out","EX.Notes","Design & Previous Management Notes","Copy details about experimental design and previous management here. Previous management describes the study site before the experiment began.","Character"
"51","ExpD.Out","B.Code","NA","A unique code that identifies an extracted publication in the ERA dataset. This code is present in all the tables of era extraction data models.","Character"
"52","Times.Out","B.Code","NA","A unique code that identifies an extracted publication in the ERA dataset. This code is present in all the tables of era extraction data models.","Character"
"53","Times.Out","Time","Time Period Name",NA,"Character"
"54","Times.Out","Time.Start.Year","Year Start as stated by the author","year when the experiment started","Numeric"
"55","Times.Out","Time.End.Year","Year Start as stated by the author","year when the experiment stopped","Numeric"
"56","Times.Out","Time.Season","Season as stated by the author",NA,"Character"
"57","Times.Clim","B.Code","NA","A unique code that identifies an extracted publication in the ERA dataset. This code is present in all the tables of era extraction data models.","Character"
"58","Times.Clim","Site.ID","Site Name",NA,"Character"
"59","Times.Clim","Time","Time Period Name",NA,"Character"
"60","Times.Clim","Time.Clim.SP","Total Precipitation Seasonal","Total Precipitation in mm for the season","Numeric"
"61","Times.Clim","Time.Clim.TAP","Total Precipitation Annual","Total Precipitation in mm for the year","Numeric"
"62","Times.Clim","Time.Clim.Temp.Mean","Temperature Mean","Mean temperature in degrees","Numeric"
"63","Var.Out","V.Product","Product","Name of the product at the crop level","Character"
"64","Var.Out","V.Var","Variety, Cultivar, Breed, etc.","Variety of the product","Character"
"65","Var.Out","V.Crop.Practice","Choose Crop Practice","Is it an improved, Hybrid or unimproved variety ?","Character"
"66","Var.Out","V.Type","Type of plant variety, breed or similar","Is it a local variety","Character"
"67","Var.Out","V.Trait1","Crop Trait 1","enter any specific info of the variety","Character"
"68","Var.Out","V.Trait2","Crop Trait 2","enter any specific info of the variety","Character"
"69","Var.Out","V.Trait3","Crop Trait 3","enter any specific info of the variety","Character"
"70","Var.Out","V.Maturity","Time to Maturity (days)","The number of days required from seeding to grain ripening. Source: CO","Integer"
"71","Var.Out","V.Codes","NA",NA,"Character"
"72","Var.Out","V.Level.Name","NA",NA,"Character"
"73","Till.Out","T.Level.Name","Tillage Pratice Name","Choose a easy to recognize name for the tillage practice, you will use this name to reference it when building treatments later in the extraction process. Avoid using special characters.","Character"
"74","Till.Out","T.Method","Tillage Method or Implement","Tillage Method","Character"
"75","Till.Out","Till.Other","Other Soil Prep Methods",NA,"Character"
"76","Till.Out","T.Depth","Tillage Depth (cm)","The depth at which a soil is ploughed or tilled. Source: AGROVOC","Integer"
"77","Till.Out","T.Freq","Frequency per Growing Season","How many times was the land tilled during one experimental season","Character"
"78","Till.Out","T.Strip.P","% Field Tilled","How much of the experimental plot was tilled?","Numeric"
"79","Till.Out","T.Strip.WT","Tilled Strip Width (cm)","Width of the tilled strip","Integer"
"80","Till.Out","T.Strip.WU","Untilled Strip Width (cm)","Width of the untilled stip","Integer"
"81","Till.Out","Till.Mechanization","Tillage  Mechanization","Was manual, animal or mechanized effort used to till or otherwise prepare the soli for planting?","Character"
"82","Till.Out","B.Code","NA","A unique code that identifies an extracted publication in the ERA dataset. This code is present in all the tables of era extraction data models.","Character"
"83","Till.Out","Time","Time Period",NA,"Character"
"84","Till.Out","T.Date.Start","Date Start","Start date of the tillage","double (S3: Date)"
"85","Till.Out","T.Date.End","Date End","End date of the tillage","double (S3: Date)"
"86","Till.Out","Site.ID","Site Name",NA,"Character"
"87","Plant.Out","P.Product","Choose Product","The crop to which the planting methods applies.","Character"
"88","Plant.Out","P.Level.Name","Planting Method Name","Choose a easy to recognize name for the planting method, you will use this name to reference it when building treatments later in the extraction process. Avoid using special characters.","Character"
"89","Plant.Out","P.Structure","Does Planting Method Structure Outcomes?","Is this practice a focus of the experiment? Does it structure the outcomes? e.g. a factorial design of Fertilizer A & B and Planting Density A,B & C. Where planting is different between certain treatments, but is not an experimental focus, record ""No"".","Character"
"90","Plant.Out","P.Prac.Prac","Planting Practice","Is an improved or optimized planting practice used?","Character"
"91","Plant.Out","P.Prac.Info","Planting Information Practice","Is an improved method of providing information regarding planting provided to the farmer?","Character"
"92","Plant.Out","B.Code","NA","A unique code that identifies an extracted publication in the ERA dataset. This code is present in all the tables of era extraction data models.","Character"
"93","Plant.Out","P.Notes","Notes",NA,"Character"
"94","Fert.Out","F.Level.Name","Fertilizer Practice Name","Choose a easy to recognize name for the fertilizer practice, you will use this name to reference it when building treatments later in the extraction process. Avoid using special characters.","Character"
"95","Fert.Out","F.Rate.Pracs","Fertilizer Rate Practice","rate or dosage of fertilizer application used in the study","Character"
"96","Fert.Out","F.Timing.Pracs","Fertilizer Timing Practice","timing of fertilizer application","Character"
"97","Fert.Out","F.Info.Pracs","Fertilizer Precision Practice","details about the precision of fertilizer application","Character"
"98","Fert.Out","F.Precision.Pracs","Fertilizer Information Practice",NA,"Character"
"99","Fert.Out","F.Int","Intercropping Only : Applied to specific crop or whole plot ?",NA,"Character"
"100","Fert.Out","F.NO","Total Organic Elemental N","Total elemental nitrogen applied  from organic sources (e.g., compost, manure, biosolid).","Numeric"
"101","Fert.Out","F.PO","Total Organic Elemental P","Total elemental phosphorus applied from organic sources (e.g., compost, manure, biosolid).","Numeric"
"102","Fert.Out","F.KO","Total Organic Elemental K","Total elemental potassium applied from organic sources (e.g., compost, manure, biosolid).","Numeric"
"103","Fert.Out","F.NI","Total Inorganic Elemental N","Total elemental nitrogen applied from inorganic sources (e.g., urea or DAP).","Numeric"
"104","Fert.Out","F.PI","Total Inorganic  Elemental P","Total elemental phosphorus applied from inorganic sources (e.g., rock phosphate or DAP).","Numeric"
"105","Fert.Out","F.P2O5","Total Organic  Elemental P2O5","Total phosphorus applied from inorganic sources presented as phosphorus pentoxide (P2O5) .","Numeric"
"106","Fert.Out","F.KI","Total Organic Elemental K","Total elemental potassium applied from inorganic sources (e.g., potassium chloride or monopotassium phosphate).","Numeric"
"107","Fert.Out","F.K2O","Total Organic Elemental K","Total potassium applied from inorganic sources presented as potassium oxide (K2O).","Numeric"
"108","Fert.Out","F.O.Unit","Organic NPK Unit of Measurement","The unit of measurement for total organic NPK numbers.","Character"
"109","Fert.Out","F.I.Unit","Inorganic NPK Unit of Measurement","The unit of measurement for total organic NPK numbers.","Character"
"110","Fert.Out","F.Notes","Notes",NA,"Character"
"111","Fert.Out","B.Code","NA","A unique code that identifies an extracted publication in the ERA dataset. This code is present in all the tables of era extraction data models.","Character"
"112","Fert.Method","F.Category","Type of Fertilizer","Category of fertilizer","Character"
"113","Fert.Method","F.Type","Specific Fertilizer","Name of the fertilizer","Character"
"114","Fert.Method","F.NPK","N-P-K Rating (as N-P2O5-K20)","For compound inorganic fertilizers that are mixture of several chemicals you can specify the N-P-K rating here (note the N-P-K rating should refer to N-P2O5-K2O and not elemental N-P-K). Please use a dash ""-"" to separate the numbers. If the components are well described then please enter these instead of the compound fertilizer.","Character"
"115","Fert.Method","F.Amount","Amount Applied","Amount of the fertilizer that is applied","Numeric"
"116","Fert.Method","F.Unit","Unit of Measurement","Unit of the amount of the fertilizer that is applied","Character"
"117","Fert.Method","F.Method","Method of Application","The technique used to apply fertilizer. This does not include details of labor or mechanization.","Character"
"118","Fert.Method","F.Physical","Fertilizer Physical Processing","Physical characteristics of a fertilizer, such as pelletting or supergranulation.","Character"
"119","Fert.Method","F.Mechanization","Fertilizer Mechanization","Was manual, animal or mechanized effort used to apply fertilizer?","Character"
"120","Fert.Method","F.Source","Fertilizer Source","Only required for organic materials like compost, manure or residues.","Character"
"121","Fert.Method","F.Fate","What happened to the material? The mulched fate can only be used with manures or composts. Mulched organic materials that are not biosolids, compost or manure should be recorded in mulch and crop residues section.","Describes the fate of the applied material after application, indicating whether it was incorporated, mulched, left on the surface, etc.","Character"
"122","Fert.Method","Site.ID","Site Name","unique identifier or name of the site where the fertilizer application occurred.","Character"
"123","Fert.Method","Time","Time Period","Time Period","Character"
"124","Fert.Method","F.Date.Start","Start Date","State date of fertilizer application. Where there is uncertainty around the exact timing of application the start and end date fields can be used to create a window that represents this. For example if a paper states fertilizer was applied in May 2020 we would state start date = 01/05/2020 and end date = 31/05/2020.","Date"
"125","Fert.Method","F.Date.End","End Date","End date of fertilizer application. Where there is uncertainty around the exact timing of application the start and end date fields can be used to create a window that represents this. For example if a paper states fertilizer was applied in May 2020 we would state start date = 01/05/2020 and end date = 31/05/2020.","Date"
"126","Fert.Method","F.Date","Application Date as dd/mm","Application date of the fertilizer","Character"
"127","Fert.Method","F.Date.Stage","Application Date as Crop Stage","Crop Stage when the fertilizer was applied","Character"
"128","Fert.Method","F.Date.DAP","Application Date as Days Before or After Planting","Enter days before planting as a minus number.
If activity is done at planting then enter ""0"".","Integer"
"129","Fert.Method","F.Date.DAE","Application Date as Days After Emergence","Enter days before emergence as a minus number.
If activity is done at emergence then enter ""0"".","Integer"
"130","Fert.Method","F.Date.Text","Application Date as Other Text Description","description of the fertilizer application date","Character"
"131","Fert.Method","B.Code","NA","A unique code that identifies an extracted publication in the ERA dataset. This code is present in all the tables of era extraction data models.","Character"
"132","Fert.Method","F.NP2O5K2O","NPK Rating NP2O5K2O",NA,"Character"
"133","Fert.Method","F.Codes","NA",NA,"Character"
"134","Fert.Method","F.Codes.Level","NA",NA,"Character"
"135","Chems.Out","C.Level.Name","Chemical Practice Name","Choose a easy to recognize name for the chemical practice, you will use this name to reference it when building treatments later in the extraction process. Avoid using special characters.","Character"
"136","Chems.Out","C.Type","Type of Product Applied","category of the chemical","Character"
"137","Chems.Out","C.Name","Name of Chemical/Product Applied","Please use active ingredient name over trade-name of product, unless the  product contains multiple active ingredients then it is acceptible to use the product name.","Character"
"138","Chems.Out","C.Nam.Type","Name of product, drug or chemical applied","Name fo the applied chemical","Character"
"139","Chems.Out","C.App.Method","How is the product delivered?","Application method of the chemical","Character"
"140","Chems.Out","C.Amount","Application Rate or Amount","Chemical amount applied","Numeric"
"141","Chems.Out","C.Unit","Unit of Application","unit of application for the chemical treatment","Character"
"142","Chems.Out","C.Applications","Total Number of Applications","Use when dates are not provided, but a total number of sprays is.","Integer"
"143","Chems.Out","Site.ID","Site Name",NA,"Character"
"144","Chems.Out","Time","Time Period",NA,"Character"
"145","Chems.Out","C.Date.Start","Specific Application Date Date Start","Start date of the chemical application","double (S3: Date)"
"146","Chems.Out","C.Date.End","Specific Application Date Date End","End date of the chemical application","double (S3: Date)"
"147","Chems.Out","C.Date","Application Date as dd/mm","specific date of the chemical application","Character"
"148","Chems.Out","C.Mechanization","Chemicals Mechanization","Was manual, animal or mechanized effort used to apply chemicals or similar materials?","Character"
"149","Chems.Out","C.Date.Stage","Application Date as Crop Stage","Crop stage when the chemical was applied","Character"
"150","Chems.Out","C.Date.DAE","Application Date Days after emergence","Number of days after emergence when the chemical was applied","double (S3: Date)"
"151","Chems.Out","C.Date.DAP","Application Date as Days Before or After Planting","Enter days before planting as a minus number.
If activity is done at planting then enter ""0"".","Integer"
"152","Chems.Out","C.Date.Text","Application Date: Text Description",NA,"Character"
"153","Chems.Out","B.Code","NA","A unique code that identifies an extracted publication in the ERA dataset. This code is present in all the tables of era extraction data models.","Character"
"154","Weed.Out","W.Level.Name","Weeding Practice Name","Choose a easy to recognize name for the weeding practice, you will use this name to reference it when building treatments later in the extraction process. Avoid using special characters.","Character"
"155","Weed.Out","W.Method","Weeding Method","Name the weeding method","Character"
"156","Weed.Out","W.Freq","Weeding Frequency","Frequency of the weeding practice","Character"
"157","Weed.Out","W.Freq.Time","Weeding Time Unit",NA,"Character"
"158","Weed.Out","W.Notes","Weeding Notes",NA,"Character"
"159","Weed.Out","B.Code","NA","A unique code that identifies an extracted publication in the ERA dataset. This code is present in all the tables of era extraction data models.","Character"
"160","Weed.Out","W.Code","NA","Adds an ERA code for mechanincal weeding ""h66.2""","Character"
"161","Res.Out","M.Level.Name","Practice Name","Choose a easy to recognize name for the practice, you will use this name to reference it when building treatments later in the extraction process. Avoid using special characters.","Character"
"162","Res.Out","P1","ERA practice 1",NA,"Character"
"163","Res.Out","P2","ERA practice 2",NA,"Character"
"164","Res.Out","P3","ERA practice 3",NA,"Character"
"165","Res.Out","P4","ERA practice 4",NA,"Character"
"166","Res.Out","M.Codes","NA",NA,"Character"
"167","Res.Out","M.Notes","Notes",NA,"Character"
"168","Res.Out","M.NO","Total amount of elemental N (Nitrogen) from  addition of  non-composted organic materials","Represents the total amount of elemental nitrogen (N) added from non-composted organic materials","Numeric"
"169","Res.Out","M.PO","Total amount of elemental P (Phosphorus) from addition of  non-composted organic materials","Specifies the total amount of elemental phosphorus (P) from non-composted organic materials","Numeric"
"170","Res.Out","M.KO","Total amount of elemental K (Potassium) from  addition of  non-composted organic materials","Indicates the total amount of elemental potassium (K) from non-composted organic materials","Numeric"
"171","Res.Out","M.Unit","NPK Unit of Measurement","The unit of measurement for total organic NPK numbers.","Character"
"172","Res.Out","B.Code","NA","A unique code that identifies an extracted publication in the ERA dataset. This code is present in all the tables of era extraction data models.","Character"
"173","Res.Method","M.Level.Name","Practice Name","Practice name","Character"
"174","Res.Method","M.Tree","Tree (plant species)","Only required if a material comes from a tree or shrub","Character"
"175","Res.Method","M.Material","Mulch Material Applied","Choose from the list or add a new material if the list does not contain a suitable match. Please specifiy the type of any new materials add in the column to the left. You do not need to enter any details about mulched crop residues here.","Character"
"176","Res.Method","M.Process","Processing","Describes the type of processing applied to the material before application","Character"
"177","Res.Method","M.Source","Source of Material","In-field: From inside the experimental field
On-farm: From outside the experimental field within the same landholding.
Off-farm: From outside the farm","Character"
"178","Res.Method","M.Amount","Amount of Material Applied","Amount of material applied in the study","Numeric"
"179","Res.Method","M.Unit","Unit of Application",NA,"Character"
"180","Res.Method","M.Fate","The Fate of The Material","post-application outcome of the material, indicating whether it was incorporated, left on the surface, or mulched etc","Character"
"181","Res.Method","M.Cover","Coverage of Material Applied as Mulch (%)","percentage of ground area covered by the applied material when used as mulch","Numeric"
"182","Res.Method","M.Mechanization","Mechanization",NA,"Character"
"183","Res.Method","Site.ID","Site Name",NA,"Character"
"184","Res.Method","Time","Time Period",NA,"Character"
"185","Res.Method","M.Date.Start","Specific Application Date Date Start","start date for a period of material application","double (S3: Date)"
"186","Res.Method","M.Date.End","Specific Application Date Date End","end date for a period of material application","double (S3: Date)"
"187","Res.Method","M.Date","Application Date: dd/mm",NA,"Character"
"188","Res.Method","M.Date.Stage","Application Date: Crop Stage","Describes the crop stage at the time of application","Character"
"189","Res.Method","M.Date.DAP","Application Date: Days before/after planting","Enter days before planting as a minus number.
If activity is done at planting then enter ""0"".","Integer"
"190","Res.Method","M.Date.DAE","Application Date Days after emergence","Indicates the application date in terms of days after crop emergence (DAE)","double (S3: Date)"
"191","Res.Method","M.Date.Text","Application Date: Text Description ",NA,"Character"
"192","Res.Method","B.Code","NA","A unique code that identifies an extracted publication in the ERA dataset. This code is present in all the tables of era extraction data models.","Character"
"193","Res.Composition","M.Tree","Mulch: Tree","The mulch material as created in the Res.Method tab","Character"
"194","Res.Composition","M.Material","Mulch: Other","The mulch material as created in the Res.Method tab","Character"
"195","Res.Composition","M.DW","Dry Weight?","Is composition reported for dry weight?","Character"
"196","Res.Composition","M.DM","Dry Matter","Dry matter is calculated as the difference between the total weight and the moisture content. It is usually obtained by oven-drying, but there are methods specific to products such as silages, fats and molasses. Usually abbreviated as DM. Source: Feedipedia","Numeric"
"197","Res.Composition","M.OC","Organic Carbon (OC)","Organic Carbon (OC)","Numeric"
"198","Res.Composition","M.N","Nitrogen (Unspecified)","Nitrogen (Unspecified)","Numeric"
"199","Res.Composition","M.TN","Total Nitrogen (TN)","Total Nitrogen (TN)","Numeric"
"200","Res.Composition","M.AN","Available Nitrogen (AN)","Available Nitrogen (AN)","Numeric"
"201","Res.Composition","M.CN","Carbon: Nitrogen (C/N) Ratio","Carbon: Nitrogen (C/N) Ratio","Numeric"
"202","Res.Composition","M.P","Phosphorous (Unspecified)","Phosphorous (Unspecified)","Numeric"
"203","Res.Composition","M.TP","Total Phosphorous (TP)","Total Phosphorous (TP)","Numeric"
"204","Res.Composition","M.AP","Available Phosphorous (AP)","Available Phosphorous (AP)","Numeric"
"205","Res.Composition","M.K","Potassium (K)","Potassium (K)","Numeric"
"206","Res.Composition","M.pH","pH","pH","Numeric"
"207","Res.Composition","M.DM.Unit","Dry Matter Unit",NA,"Character"
"208","Res.Composition","M.OC.Unit","Organic Carbon (OC) Unit",NA,"Character"
"209","Res.Composition","M.N.Unit","Nitrogen (Unspecified) Unit",NA,"Character"
"210","Res.Composition","M.TN.Unit","Total Nitrogen (TN) Unit",NA,"Character"
"211","Res.Composition","M.AN.Unit","Available Nitrogen (AN) Unit",NA,"Character"
"212","Res.Composition","M.P.Unit","Phosphorous (Unspecified) Unit",NA,"Character"
"213","Res.Composition","M.TP.Unit","Total Phosphorous (TP) Unit",NA,"Character"
"214","Res.Composition","M.AP.Unit","Available Phosphorous (AP) Unit",NA,"Character"
"215","Res.Composition","M.K.Unit","Potassium (K) Unit",NA,"Character"
"216","Res.Composition","M.pH.Method","pH Method",NA,"Character"
"217","Res.Composition","B.Code","NA","A unique code that identifies an extracted publication in the ERA dataset. This code is present in all the tables of era extraction data models.","Character"
"218","Har.Out","H.Level.Name","Practice Name","Choose a easy to recognize name for the practice, you will use this name to reference it when building treatments later in the extraction process. Avoid using special characters.","Character"
"219","Har.Out","H.Prac","ERA Harvest Practice","Choose a corresponding ERA practice","Character"
"220","Har.Out","H.Code","NA",NA,"Character"
"221","Har.Out","H.Notes","Notes",NA,"Character"
"222","Har.Out","B.Code","NA","A unique code that identifies an extracted publication in the ERA dataset. This code is present in all the tables of era extraction data models.","Character"
"223","pH.Out","pH.Level.Name","Practice Name","Choose a easy to recognize name for the practice, you will use this name to reference it when building treatments later in the extraction process. Avoid using special characters.","Character"
"224","pH.Out","pH.Prac","ERA pH  Practice",NA,"Character"
"225","pH.Out","pH.Codes","NA",NA,"Character"
"226","pH.Out","pH.Notes","Notes",NA,"Character"
"227","pH.Out","B.Code","NA","A unique code that identifies an extracted publication in the ERA dataset. This code is present in all the tables of era extraction data models.","Character"
"228","pH.Method","pH.Level.Name","Practice Name","Choose a easy to recognize name for the practice, you will use this name to reference it when building treatments later in the extraction process. Avoid using special characters.","Character"
"229","pH.Method","pH.Material","Material Applied","type of material applied to influence soil pH","Character"
"230","pH.Method","pH.ECCE","Effective Calcium Carbonate Equivalent (ECCE)","Records the Effective Calcium Carbonate Equivalent (ECCE), representing the effectiveness of a liming material in neutralizing soil acidity. Expressed as a percentage, ECCE accounts for both purity and particle size.","Numeric"
"231","pH.Method","pH.CCE","Calcium Carbonate Equivalent (CCE)","Indicates the Calcium Carbonate Equivalent (CCE), measuring the neutralizing potential of the material in terms of calcium carbonate. ","Numeric"
"232","pH.Method","pH.CaCO3","% Calcium Carbonate (CaCO3)","Represents the percentage of calcium carbonate (CaCO₃) in the applied material, reflecting the material’s lime content","Numeric"
"233","pH.Method","pH.MgCO3","% Magnesium Carbonate (MgCO3)","Specifies the percentage of magnesium carbonate (MgCO₃) in the material applied. Useful for understanding additional magnesium input from pH-adjusting substances.","Numeric"
"234","pH.Method","pH.Amount","Amount Applied","Captures the total amount of pH-altering material applied","Numeric"
"235","pH.Method","pH.Unit","Unit of Application",NA,"Character"
"236","pH.Method","B.Code","NA","A unique code that identifies an extracted publication in the ERA dataset. This code is present in all the tables of era extraction data models.","Character"
"237","WH.Out","WH.Level.Name","Practice Name","Choose a easy to recognize name for the practice, you will use this name to reference it when building treatments later in the extraction process. Avoid using special characters.","Character"
"238","WH.Out","P1","ERA practice 1","Practices[Practice %in% c(""Water Harvesting""),Subpractice]","Character"
"239","WH.Out","P2","ERA practice 2","Practices[Practice %in% c(""Water Harvesting""),Subpractice]","Character"
"240","WH.Out","P3","ERA practice 3","Practices[Practice %in% c(""Water Harvesting""),Subpractice]","Character"
"241","WH.Out","P4","ERA practice 4","Practices[Practice %in% c(""Water Harvesting""),Subpractice]","Character"
"242","WH.Out","WH.Codes","NA","Concatenation of P1 to P4 fields.","Character"
"243","WH.Out","WH.Notes","Notes",NA,"Character"
"244","WH.Out","B.Code","NA","A unique code that identifies an extracted publication in the ERA dataset. This code is present in all the tables of era extraction data models.","Character"
"245","Base.Out","B.Code","NA","A unique code that identifies an extracted publication in the ERA dataset. This code is present in all the tables of era extraction data models.","Character"
"246","Base.Out","Base.Codes","NA",NA,"Character"
"247","MT.Out2;MT.Out","T.Residue.Code","NA","A residue management code (e.g. mulching or incorporation codes) is derived from the MT.Out2$T.Residue.Prev and MT.Out2$T.Comp fields by cross-referencing to the EU table's fields ""Mulched"", ""Incorporated"", or ""Unknown.Fate"" fields.","Character"
"248","MT.Out2;MT.Out","T.Name","Treatment Name","Choose a easy to recognize name for the treatment, you will use this name to reference it when creating intercrops or rotations and/or entering data. Avoid using special characters.","Character"
"249","MT.Out2;MT.Out","T.Residue.Prev","Fate of Crop Residues From The Previous Season","This field refers to residues from plants that grew within the experimental plot. Any residues from outside of the experimental unit should be recorded in the residues tab.","Character"
"250","MT.Out2;MT.Out","T.Reps","Replicates","For crop paper this is the number of stated in the experiment, e.g. a randomised block design with 4 replicates. For animal paper we use a field, barn, pond, tank or similar as the unit of replication (record the number of animals in the treatment right).","Integer"
"251","MT.Out2;MT.Out","T.Start.Year","Start Year","Note the start year of the experimental treatment. This is particularly relevant for reduced or no-tillage experiments. Where a treatment is reset during the course of an experiment, then the Start Year should be listed per observation.","Integer"
"252","MT.Out2;MT.Out","T.Start.Season","Start Season","List the starting season of an experimental treatment in systems with >1 growing seasons. If a region has unimodal rainfall or if seasonality is unspecified please leave this field blank.","Integer"
"253","MT.Out2;MT.Out","AF.Level.Name","Agroforestry","Choose practice for this management category","Character"
"254","MT.Out2;MT.Out","C.Level.Name","Chemicals","Choose practice for this management category","Character"
"255","MT.Out2;MT.Out","H.Level.Name","Harvest","Choose practice for this management category","Character"
"256","MT.Out2;MT.Out","I.Level.Name","Irrigation","Choose practice for this management category","Character"
"257","MT.Out2;MT.Out","M.Level.Name","Residues","Choose practice for this management category","Character"
"258","MT.Out2;MT.Out","F.Level.Name","Fertilizer","Choose practice for this management category","Character"
"259","MT.Out2;MT.Out","pH.Level.Name","pH","Choose practice for this management category","Character"
"260","MT.Out2;MT.Out","P.Level.Name","Planting","Choose practice for this management category","Character"
"261","MT.Out2;MT.Out","Till.Level.Name","Tillage","Choose practice for this management category","Character"
"262","MT.Out2;MT.Out","V.Level.Name","Variety","Choose practice for this management category","Character"
"263","MT.Out2;MT.Out","WH.Level.Name","Water Harvesting","Choose practice for this management category","Character"
"264","MT.Out2;MT.Out","O.Level.Name","Other","Choose practice for this management category","Character"
"265","MT.Out2;MT.Out","W.Level.Name","Weeding","Choose practice for this management category","Character"
"266","MT.Out2;MT.Out","B.Code","NA","A unique code that identifies an extracted publication in the ERA dataset. This code is present in all the tables of era extraction data models.","Character"
"267","Int.Out","IN.Level.Name","Intercrop Treatment Name","The combined name of the treatments selected.","Character"
"268","Int.Out","IN.Notes","Notes",NA,"Character"
"269","Int.Out","B.Code","NA","A unique code that identifies an extracted publication in the ERA dataset. This code is present in all the tables of era extraction data models.","Character"
"270","Rot.Seq","Structure.Comb","NA",NA,"Character"
"271","Rot.Seq","B.Code","NA","A unique code that identifies an extracted publication in the ERA dataset. This code is present in all the tables of era extraction data models.","Character"
"272","Rot.Seq","T.Codes","NA",NA,"Character"
"273","Rot.Seq","T.Agg.Levels","NA",NA,"Character"
"274","Rot.Seq","T.Codes.No.Agg","NA",NA,"Character"
"275","Rot.Seq","T.Codes.Agg","NA",NA,"Character"
"276","Rot.Seq","IN.T.Codes","NA",NA,"Character"
"277","Rot.Seq","IN.Code","NA",NA,"Character"
"278","Rot.Seq","IN.T.Codes.Shared","NA",NA,"Character"
"279","Rot.Seq","IN.T.Codes.Diff","NA",NA,"Character"
"280","Rot.Seq","seq_n","NA",NA,"Character"
"281","Rot.Seq","R.Residues.Codes","NA",NA,"Character"
"282","Rot.Seq","min_seq","NA",NA,"Character"
"283","Rot.Seq","n_crops","NA",NA,"Character"
"284","Rot.Levels","AF.Level.Name","NA",NA,"Character"
"285","Rot.Levels","F.Level.Name","NA",NA,"Character"
"286","Rot.Levels","AF.Codes","NA",NA,"Character"
"287","Rot.Levels","F.Codes","NA",NA,"Character"
"288","Out.Out","Out.Subind","Outcome Subindicator",NA,"Character"
"289","Out.Out","Out.Unit","Outcome Unit","Unit of measurement for the outcome (please use SI units)","Character"
"290","Out.Out","Out.Depth.Upper","Soil Upper Depth (cm)","Upper depth of measurement (cm) for soil outcomes","Numeric"
"291","Out.Out","Out.Depth.Lower","Soil Lower Depth (cm)","Lower depth of measurement (cm) for soil outcomes","Numeric"
"292","Out.Out","Out.Group","Outcome Group","Use the ""Species/Item/Group"" column to indicate anything that qualifies an outcome, for example if you had numbers of beneficial ""Insect A"" per plant as an outcome, you'd record ""individuals/plant"" as the unit and ""Insect A"" in the ""Species/Item/Group"" column.","Character"
"293","Out.Out","Out.NPV.Rate","Economic Discount Rate (%)","Typically associated with calculations of Net Present Value (NPV).","Numeric"
"294","Out.Out","Out.NPV.Time","Economic Period (Years)","Use with Net Present Value (NPV) outcome or similar only.","Numeric"
"295","Out.Out","Out.Agg.Stat","NA",NA,"Character"
"296","Out.Out","Out.Code.Joined","NA","Concatenation of Out.Out$Out.SubInd, Out.Out$Out.Unit, Out.Out$Out.Depth.Lower, Out.Out$Out.Depth.Upper, Out.Out$Out.Group, Out.Out$Out.NPV.Rate, Out.Out$Out.WG.Start fields using a "".."" delimiter. Blank fields are not included.","Character"
"297","Out.Out","B.Code","NA","A unique code that identifies an extracted publication in the ERA dataset. This code is present in all the tables of era extraction data models.","Character"
"298","Out.Econ","B.Code","NA","A unique code that identifies an extracted publication in the ERA dataset. This code is present in all the tables of era extraction data models.","Character"
"299","Out.Econ","Site.ID","Site Name",NA,"Character"
"300","Out.Econ","Econ.Timeframe","NA",NA,"Character"
"301","Out.Econ","Time","NA",NA,"Character"
"302","Out.Econ","Econ.Cat","NA",NA,"Character"
"303","Out.Econ","Econ.Var","Item",NA,"Character"
"304","Out.Econ","Econ.Subgroup","Subgroup (variable description)",NA,"Character"
"305","Out.Econ","Econ.Val","NA",NA,"Character"
"306","Out.Econ","Econ.Unit","NA",NA,"Character"
"307","AF.Out","AF.Level.Name","Practice Name","Choose a easy to recognize name for the practice, you will use this name to reference it when building treatments later in the extraction process. Avoid using special characters.","Character"
"308","AF.Out","AF.Codes","NA",NA,"Character"
"309","AF.Out","AF.Boundary","Boundary Planting","Name of the boundary planting practice","Character"
"310","AF.Out","AF.Silvopasture","SIlvopasture","Name of the silvopasture practice","Character"
"311","AF.Out","AF.Parklands","Parklands or Scattered Trees","Name of the parkland practice","Character"
"312","AF.Out","AF.Multistrata","Multistrata","Name of the mutistrata practice","Character"
"313","AF.Out","AF.Other","Other Agroforestry","Name of another agroforestry practice","Character"
"314","AF.Out","B.Code","NA","A unique code that identifies an extracted publication in the ERA dataset. This code is present in all the tables of era extraction data models.","Character"
"315","AF.Trees","B.Code","NA","A unique code that identifies an extracted publication in the ERA dataset. This code is present in all the tables of era extraction data models.","Character"
"316","AF.Trees","AF.Level.Name","Practice","Name of the agroforestry practice","Character"
"317","AF.Trees","AF.Tree","Tree or shrub","Scientific name of the shrub or tree planted","Charcater"
"318","AF.Trees","AF.Tree.N","Number or Density","Number of planted trees or shrub","Numeric"
"319","AF.Trees","AF.Tree.Unit","Unit",NA,"Character"
"320","Other.Out","B.Code","NA","A unique code that identifies an extracted publication in the ERA dataset. This code is present in all the tables of era extraction data models.","Character"
"321","Other.Out","O.Level.Name","Name practice","Other practice name","Character"
"322","Other.Out","O.Structure","NA",NA,"Character"
"323","Data.Out","Site.ID","Site Name",NA,"Character"
"324","Data.Out","T.Name","Treatment",NA,"Character"
"325","Data.Out","P.Product","Product",NA,"Character"
"326","Data.Out","ED.Product.Comp","Component",NA,"Character"
"327","Data.Out","IN.Level.Name","Intercropping",NA,"Character"
"328","Data.Out","R.Level.Name","Rotation",NA,"Character"
"329","Data.Out","Time","Time",NA,"Character"
"330","Data.Out","Out.Code.Joined","Outcome",NA,"Character"
"331","Data.Out","ED.Mean.T","Value",NA,"Numeric"
"332","Data.Out","ED.Error","Error",NA,"Numeric"
"333","Data.Out","ED.Error.Type","Error Type",NA,"Character"
"334","Data.Out","ED.Data.Loc","Publication Figure/Table",NA,"Character"
"335","Data.Out","ED.Sample.Start","Sampling Date (Can be used with soil moisture outcomes, for example) - Start",NA,"double (S3: Date)"
"336","Data.Out","ED.Sample.End","Sampling Date (Can be used with soil moisture outcomes, for example) - End",NA,"double (S3: Date)"
"337","Data.Out","ED.Sample.DAS","Sampling Date (Can be used with soil moisture outcomes, for example) - Days After Planting",NA,"double (S3: Date)"
"338","Data.Out","ED.Reps","Reps",NA,"double"
"339","Data.Out","ED.Variety","Variety",NA,"Character"
"340","Data.Out","ED.Comparison1","Comparison Treatment (e.g. for fertilizer use efficiency outcomes)",NA,NA
"341","Data.Out","ED.Comparison2","NA",NA,"Character"
"342","Data.Out","B.Code","NA","A unique code that identifies an extracted publication in the ERA dataset. This code is present in all the tables of era extraction data models.","Character"
"343","PD.Out","PD.Level.Name","Name Practice",NA,"Character"
"344","PD.Out","Site.ID","Site Name",NA,"Character"
"345","PD.Out","Time","Time Period",NA,"Character"
"346","PD.Out","PD.Variable","Variable",NA,"Character"
"347","PD.Out","PD.Date.Start","Start",NA,"Date"
"348","PD.Out","PD.Date.End","End",NA,"Date"
"349","PD.Out","PD.Date.DAS","Days After Sowing",NA,"Integer"
"350","PD.Out","PD.Date.DAP","Days After Planting",NA,"Integer"
